Unnamed: 0,Company,TypeName,Inches,ScreenResolution,Cpu,Ram,Memory,Gpu,OpSys,Weight,Price
0,Apple,Ultrabook,13.3,IPS Panel Retina Display 2560x1600,Intel Core i5 2.3GHz,8GB,128GB SSD,Intel Iris Plus Graphics 640,macOS,1.37kg,71378.6832
1,Apple,Ultrabook,13.3,1440x900,Intel Core i5 1.8GHz,8GB,128GB Flash Storage,Intel HD Graphics 6000,macOS,1.34kg,47895.5232
2,HP,Notebook,15.6,Full HD 1920x1080,Intel Core i5 7200U 2.5GHz,8GB,256GB SSD,Intel HD Graphics 620,No OS,1.86kg,30636
3,Apple,Ultrabook,15.4,IPS Panel Retina Display 2880x1800,Intel Core i7 2.7GHz,16GB,512GB SSD,AMD Radeon Pro 455,macOS,1.83kg,135195.336
4,Apple,Ultrabook,13.3,IPS Panel Retina Display 2560x1600,Intel Core i5 3.1GHz,8GB,256GB SSD,Intel Iris Plus Graphics 650,macOS,1.37kg,96095.808
5,Acer,Notebook,15.6,1366x768,AMD A9-Series 9420 3GHz,4GB,500GB HDD,AMD Radeon R5,Windows 10,2.1kg,21312
6,Apple,Ultrabook,15.4,IPS Panel Retina Display 2880x1800,Intel Core i7 2.2GHz,16GB,256GB Flash Storage,Intel Iris Pro Graphics,Mac OS X,2.04kg,114017.6016
7,Apple,Ultrabook,13.3,1440x900,Intel Core i5 1.8GHz,8GB,256GB Flash Storage,Intel HD Graphics 6000,macOS,1.34kg,61735.536
8,Asus,Ultrabook,14,Full HD 1920x1080,Intel Core i7 8550U 1.8GHz,16GB,512GB SSD,Nvidia GeForce MX150,Windows 10,1.3kg,79653.6
9,Acer,Ultrabook,14,IPS Panel Full HD 1920x1080,Intel Core i5 8250U 1.6GHz,8GB,256GB SSD,Intel UHD Graphics 620,Windows 10,1.6kg,41025.6
10,HP,Notebook,15.6,1366x768,Intel Core i5 7200U 2.5GHz,4GB,500GB HDD,Intel HD Graphics 620,No OS,1.86kg,20986.992
11,HP,Notebook,15.6,Full HD 1920x1080,Intel Core i3 6006U 2GHz,4GB,500GB HDD,Intel HD Graphics 520,No OS,1.86kg,18381.0672
12,Apple,Ultrabook,15.4,IPS Panel Retina Display 2880x1800,Intel Core i7 2.8GHz,16GB,256GB SSD,AMD Radeon Pro 555,macOS,1.83kg,130001.6016
13,Dell,Notebook,15.6,Full HD 1920x1080,Intel Core i3 6006U 2GHz,4GB,256GB SSD,AMD Radeon R5 M430,Windows 10,2.2kg,26581.392
14,Apple,Ultrabook,12,IPS Panel Retina Display 2304x1440,Intel Core M m3 1.2GHz,8GB,256GB SSD,Intel HD Graphics 615,macOS,0.92kg,67260.672
15,Apple,Ultrabook,13.3,IPS Panel Retina Display 2560x1600,Intel Core i5 2.3GHz,8GB,256GB SSD,Intel Iris Plus Graphics 640,macOS,1.37kg,80908.344
16,Dell,Notebook,15.6,Full HD 1920x1080,Intel Core i7 7500U 2.7GHz,8GB,256GB SSD,AMD Radeon R5 M430,Windows 10,2.2kg,39693.6
17,Apple,Ultrabook,15.4,IPS Panel Retina Display 2880x1800,Intel Core i7 2.9GHz,16GB,512GB SSD,AMD Radeon Pro 560,macOS,1.83kg,152274.24
18,Lenovo,Notebook,15.6,Full HD 1920x1080,Intel Core i3 7100U 2.4GHz,8GB,1TB HDD,Nvidia GeForce 940MX,No OS,2.2kg,26586.72
19,Dell,Ultrabook,13.3,IPS Panel Full HD / Touchscreen 1920x1080,Intel Core i5 8250U 1.6GHz,8GB,128GB SSD,Intel UHD Graphics 620,Windows 10,1.22kg,52161.12
,,,,,,,,,,,
21,Lenovo,Gaming,15.6,IPS Panel Full HD 1920x1080,Intel Core i5 7300HQ 2.5GHz,8GB,128GB SSD +  1TB HDD,Nvidia GeForce GTX 1050,Windows 10,2.5kg,53226.72
22,HP,Notebook,15.6,1366x768,AMD E-Series E2-9000e 1.5GHz,4GB,500GB HDD,AMD Radeon R2,No OS,1.86kg,13746.24
23,Dell,2 in 1 Convertible,13.3,Full HD / Touchscreen 1920x1080,Intel Core i5 8250U 1.6GHz,8GB,256GB SSD,Intel UHD Graphics 620,Windows 10,1.62kg,43636.32
24,HP,Ultrabook,15.6,Full HD 1920x1080,Intel Core i7 8550U 1.8GHz,8GB,256GB SSD,Intel HD Graphics 620,Windows 10,1.91kg,35111.52
25,Dell,Notebook,15.6,1366x768,Intel Core i3 6006U 2GHz,4GB,1TB HDD,Intel HD Graphics 520,Windows 10,2.3kg,22305.1392
26,Apple,Ultrabook,13.3,1440x900,Intel Core i5 1.6GHz,8GB,128GB Flash Storage,Intel HD Graphics 6000,Mac OS X,1.35kg,58554.72
27,Dell,Notebook,15.6,Full HD 1920x1080,Intel Core i5 8250U 1.6GHz,8GB,256GB SSD,AMD Radeon 530,Windows 10,2.2kg,42624
28,Dell,Ultrabook,15.6,Full HD 1920x1080,Intel Core i7 8650U 1.9GHz,8GB,256GB SSD +  256GB SSD,Intel UHD Graphics 620,Windows 10,1.88kg,69157.44
29,HP,Notebook,17.3,Full HD 1920x1080,Intel Core i5 8250U 1.6GHz,8GB,1TB HDD,Nvidia GeForce 930MX,Windows 10,2.5kg,47738.88
30,Chuwi,Notebook,15.6,Full HD 1920x1080,Intel Atom x5-Z8300 1.44GHz,4GB,64GB Flash Storage,Intel HD Graphics,Windows 10,1.89kg,13053.0672
31,Asus,Notebook,14,1366x768,AMD E-Series E2-6110 1.5GHz,2GB,32GB Flash Storage,AMD Radeon R2,Windows 10,1.65kg,10602.72
32,HP,Notebook,17.3,Full HD 1920x1080,AMD A6-Series 9220 2.5GHz,4GB,500GB HDD,AMD Radeon 530,Windows 10,2.71kg,23389.92
33,Dell,Ultrabook,13.3,Touchscreen / Quad HD+ 3200x1800,Intel Core i7 8550U 1.8GHz,16GB,512GB SSD,Intel UHD Graphics 620,Windows 10,1.2kg,99580.32
34,Apple,Ultrabook,13.3,1440x900,Intel Core i5 1.6GHz,8GB,256GB Flash Storage,Intel HD Graphics 6000,Mac OS X,1.35kg,53173.44
35,Lenovo,Notebook,14,1366x768,Intel Celeron Dual Core N3350 1.1GHz,4GB,64GB Flash Storage,Intel HD Graphics 500,Windows 10,1.44kg,13266.72
36,Acer,Notebook,15.6,1366x768,Intel Core i3 7130U 2.7GHz,4GB,1TB HDD,Intel HD Graphics 620,Linux,2.1kg,19553.76
37,Dell,Notebook,17.3,IPS Panel Full HD 1920x1080,Intel Core i5 8250U 1.6GHz,8GB,128GB SSD +  1TB HDD,AMD Radeon 530,Windows 10,2.8kg,52161.12
38,HP,Notebook,15.6,1366x768,Intel Core i5 7200U 2.5GHz,4GB,1TB HDD,Intel HD Graphics 620,Windows 10,1.86kg,26037.4032
39,HP,Notebook,15.6,Full HD 1920x1080,Intel Core i5 8250U 1.6GHz,8GB,256GB SSD,Nvidia GeForce 930MX ,Windows 10,2.1kg,46833.12
40,Asus,Notebook,15.6,Full HD 1920x1080,Intel Core i3 6006U 2GHz,4GB,1TB HDD,Intel HD Graphics 620,Linux,2kg,20725.92
41,Dell,Gaming,15.6,IPS Panel Full HD 1920x1080,Intel Core i7 7700HQ 2.8GHz,16GB,256GB SSD +  1TB HDD,Nvidia GeForce GTX 1060,Windows 10,2.65kg,79866.72
42,Asus,Notebook,15.6,1366x768,Intel Core i5 7200U 2.5GHz,8GB,1TB HDD,Nvidia GeForce 940MX,Linux,2.3kg,27864.9072
43,Acer,Notebook,15.6,IPS Panel Full HD 1920x1080,Intel Core i5 8250U 1.6GHz,4GB,256GB SSD,Intel UHD Graphics 620,Windows 10,2.2kg,36336.96
44,Dell,2 in 1 Convertible,17.3,Full HD / Touchscreen 1920x1080,Intel Core i5 8250U 1.6GHz,12GB,1TB HDD,Nvidia GeForce 150MX,Windows 10,2.77kg,53226.72
45,Apple,Ultrabook,13.3,IPS Panel Retina Display 2560x1600,Intel Core i5 2.0GHz,8GB,256GB SSD,Intel Iris Graphics 540,macOS,1.37kg,75604.32
,,,,,,,,,,,
47,Asus,Gaming,17.3,Full HD 1920x1080,AMD Ryzen 1700 3GHz,8GB,256GB SSD +  1TB HDD,AMD Radeon RX 580,Windows 10,3.2kg,69210.72
48,Dell,Notebook,15.6,Full HD 1920x1080,Intel Core i5 7200U 2.5GHz,4GB,256GB SSD,AMD Radeon R5 M430,Windows 10,2.3kg,34045.92
49,Asus,Notebook,17.3,1366x768,Intel Pentium Quad Core N4200 1.1GHz,4GB,1TB HDD,Nvidia GeForce 920MX,Windows 10,2.8kg,24828.48
,,,,,,,,,,,
51,Acer,Notebook,15.6,IPS Panel Full HD 1920x1080,Intel Core i7 8550U 1.8GHz,8GB,256GB SSD,Nvidia GeForce MX150,Windows 10,2.2kg,44808.48
52,HP,Notebook,15.6,Full HD 1920x1080,AMD A6-Series 9220 2.5GHz,4GB,256GB SSD,AMD Radeon R4 Graphics,Windows 10,1.86kg,21231.5472
53,HP,Notebook,13.3,Full HD 1920x1080,Intel Core i7 8550U 1.8GHz,8GB,512GB SSD,Intel UHD Graphics 620,Windows 10,1.49kg,58767.84
54,Acer,Notebook,15.6,1366x768,Intel Core i3 7100U 2.4GHz,4GB,1TB HDD,Intel HD Graphics 620,Windows 10,2.4kg,20459.52
55,Dell,Notebook,15.6,Full HD 1920x1080,Intel Core i7 8550U 1.8GHz,8GB,256GB SSD,AMD Radeon 520,Windows 10,2.13kg,40908.384
56,HP,Notebook,15.6,Full HD 1920x1080,Intel Core i3 6006U 2GHz,4GB,128GB SSD,Intel HD Graphics 520,Windows 10,1.91kg,23389.92
57,Asus,Notebook,15.6,1366x768,Intel Core i5 7200U 2.5GHz,4GB,256GB SSD,Intel HD Graphics 620,Windows 10,2kg,31232.2032
58,MSI,Gaming,17.3,Full HD 1920x1080,Intel Core i7 7700HQ 2.8GHz,16GB,256GB SSD +  2TB HDD,Nvidia GeForce GTX 1070,Windows 10,2.43kg,130482.72
59,Asus,Notebook,15.6,Full HD 1920x1080,Intel Core i3 6006U 2GHz,4GB,256GB SSD,Intel HD Graphics 520,Linux,2kg,22111.2
60,Dell,Notebook,17.3,Full HD 1920x1080,Intel Core i7 8550U 1.8GHz,16GB,256GB SSD +  2TB HDD,AMD Radeon 530,Windows 10,2.8kg,69210.72
61,Dell,Ultrabook,14,Full HD 1920x1080,Intel Core i5 8250U 1.6GHz,8GB,256GB SSD,Intel UHD Graphics 620,Windows 10,1.7kg,46833.12
62,Lenovo,Notebook,14,IPS Panel Full HD 1920x1080,Intel Core i3 7130U 2.7GHz,8GB,256GB SSD,Intel HD Graphics 620,No OS,1.7kg,31914.72
63,Asus,Notebook,14,Full HD 1920x1080,Intel Core i5 8250U 1.6GHz,8GB,256GB SSD,Intel UHD Graphics 620,Windows 10,1.4kg,50136.48
64,HP,Notebook,15.6,Full HD 1920x1080,Intel Core i5 7200U 2.5GHz,8GB,256GB SSD,Intel HD Graphics 620,Windows 10,1.86kg,36763.2
65,Asus,Ultrabook,15.6,Full HD 1920x1080,Intel Core i7 7700HQ 2.8GHz,16GB,512GB SSD,Nvidia GeForce GTX 1050 Ti,Windows 10,1.8kg,105654.24
66,HP,Notebook,15.6,1366x768,Intel Core i3 6006U 2GHz,4GB,500GB HDD,AMD Radeon 520,Windows 10,1.86kg,23373.4032
67,HP,Notebook,14,1366x768,Intel Celeron Dual Core N3060 1.6GHz,4GB,32GB SSD,Intel HD Graphics 400,Windows 10,1.44kg,12201.12
68,Lenovo,Notebook,15.6,Full HD 1920x1080,Intel Core i5 7200U 2.5GHz,4GB,1TB HDD,Intel HD Graphics 620,Windows 10,1.9kg,29250.72
69,Asus,Gaming,17.3,Full HD 1920x1080,Intel Core i7 7700HQ 2.8GHz,12GB,1TB HDD,Nvidia GeForce GTX 1050 Ti,Linux,3kg,50562.72
70,Microsoft,Ultrabook,13.5,Touchscreen 2256x1504,Intel Core i5 7200U 2.5GHz,4GB,128GB SSD,Intel HD Graphics 620,Windows 10 S,1.252kg,58021.92
71,Dell,Ultrabook,13.3,IPS Panel Full HD 1920x1080,Intel Core i7 8550U 1.8GHz,64GB,256GB SSD,AMD Radeon 530,Windows 10,1.4kg,50882.4
72,Dell,Notebook,15.6,Full HD 1920x1080,Intel Core i7 8550U 1.8GHz,8GB,256GB SSD,AMD Radeon 530,Windows 10,2.2kg,46353.6
73,MSI,Gaming,17.3,Full HD 1920x1080,Intel Core i5 7300HQ 2.5GHz,8GB,128GB SSD +  1TB HDD,Nvidia GeForce GTX 1050,Windows 10,2.7kg,58341.6
74,Acer,Notebook,14,1366x768,Intel Core i3 6006U 2GHz,8GB,1TB HDD,Intel HD Graphics 520,Windows 10,2.1kg,20725.92
75,Asus,Gaming,15.6,Full HD 1920x1080,Intel Core i7 7700HQ 2.8GHz,8GB,1TB HDD,Nvidia GeForce GTX 1050,Windows 10,2.2kg,50562.72
76,Lenovo,Notebook,15.6,Full HD 1920x1080,Intel Core i5 7200U 2.5GHz,8GB,2TB HDD,Intel HD Graphics 620,No OS,2.2kg,27652.32
77,Dell,Notebook,15.6,Full HD 1920x1080,Intel Core i7 8550U 1.8GHz,8GB,128GB SSD +  1TB HDD,Intel UHD Graphics 620,Windows 10,2.02kg,45554.4
78,Acer,Notebook,15.6,Full HD 1920x1080,Intel Core i3 7130U 2.7GHz,4GB,1TB HDD,Nvidia GeForce MX130,Windows 10,2.2kg,28238.4
79,HP,Notebook,17.3,Full HD 1920x1080,Intel Core i5 8250U 1.6GHz,8GB,128GB SSD +  1TB HDD,Nvidia GeForce 930MX,Windows 10,2.5kg,52054.56
80,Dell,Ultrabook,15.6,IPS Panel Full HD 1920x1080,Intel Core i5 8250U 1.6GHz,8GB,256GB SSD,Intel UHD Graphics 620,Windows 10,1.88kg,58403.4048
81,Apple,Ultrabook,12,IPS Panel Retina Display 2304x1440,Intel Core i5 1.3GHz,8GB,512GB SSD,Intel HD Graphics 615,macOS,0.92kg,80452.8
82,HP,Notebook,14,Full HD 1920x1080,Intel Core i5 8250U 1.6GHz,8GB,256GB SSD,Intel HD Graphics 620,Windows 10,1.63kg,45820.8
83,Lenovo,Notebook,15.6,Full HD 1920x1080,AMD A6-Series 9220 2.5GHz,4GB,128GB SSD,AMD R4 Graphics,Windows 10,2.2kg,21258.72
84,Acer,Notebook,15.6,1366x768,AMD A9-Series 9420 3GHz,4GB,1TB HDD,AMD Radeon R5,Windows 10,2.1kg,21045.6
85,Dell,Gaming,15.6,IPS Panel Full HD 1920x1080,Intel Core i7 7700HQ 2.8GHz,16GB,128GB SSD +  1TB HDD,Nvidia GeForce GTX 1050 Ti,Windows 10,2.65kg,71874.72
86,HP,Ultrabook,15.6,IPS Panel Full HD 1920x1080,Intel Core i7 8550U 1.8GHz,8GB,256GB SSD,Nvidia GeForce GTX 940MX,Windows 10,1.83kg,37242.72
87,HP,Notebook,15.6,Full HD 1920x1080,Intel Core i5 7200U 2.5GHz,8GB,256GB SSD,Intel HD Graphics 620,Windows 10,1.96kg,31914.1872
88,Asus,Gaming,15.6,IPS Panel Full HD 1920x1080,Intel Core i7 7700HQ 2.8GHz,16GB,128GB SSD +  1TB HDD,Nvidia GeForce GTX 1060,Windows 10,2.2kg,77202.72
89,Dell,Ultrabook,13.3,IPS Panel Full HD 1920x1080,Intel Core i7 8550U 1.8GHz,8GB,256GB SSD,Intel UHD Graphics 620,Windows 10,1.21kg,87858.72
90,Asus,Gaming,15.6,Full HD 1920x1080,AMD FX 9830P 3GHz,8GB,1TB HDD,AMD Radeon RX 560,Windows 10,2.45kg,37242.72
91,Acer,Notebook,15.6,Full HD 1920x1080,Intel Core i7 8550U 1.8GHz,2GB,1TB HDD,Nvidia GeForce MX150,Windows 10,2.2kg,36709.92
92,HP,Notebook,13.3,Full HD 1920x1080,Intel Core i7 8550U 1.8GHz,16GB,512GB SSD,Intel UHD Graphics 620,Windows 10,1.49kg,63776.16
93,Dell,Gaming,15.6,Full HD 1920x1080,Intel Core i5 7300HQ 2.5GHz,8GB,256GB SSD,Nvidia GeForce GTX 1060,Windows 10,2.65kg,63669.6
94,Asus,Ultrabook,14,Full HD 1920x1080,Intel Core i7 7500U 2.7GHz,8GB,256GB SSD,Intel HD Graphics 620,Windows 10,1.25kg,55890.72
95,Acer,2 in 1 Convertible,13.3,IPS Panel Full HD / Touchscreen 1920x1080,Intel Core i5 8250U 1.6GHz,8GB,256GB SSD,Intel UHD Graphics 620,Windows 10,1.5kg,45128.16
96,Dell,Notebook,15.6,Full HD 1920x1080,Intel Core i7 7500U 2.7GHz,8GB,1TB HDD,AMD Radeon R5 M430,Linux,2.2kg,31962.672
97,Dell,Notebook,15.6,Full HD 1920x1080,Intel Core i3 6006U 2GHz,4GB,256GB SSD,AMD Radeon R5 M430,Linux,2.2kg,25840.8
98,Asus,Notebook,15.6,Full HD 1920x1080,Intel Core i3 7100U 2.4GHz,6GB,256GB SSD,Nvidia GeForce 920M,Windows 10,2kg,30742.56
99,HP,Gaming,15.6,IPS Panel Full HD 1920x1080,Intel Core i7 7700HQ 2.8GHz,12GB,128GB SSD +  1TB HDD,Nvidia GeForce GTX 1050,Windows 10,2.62kg,66546.72
100,HP,Notebook,15.6,Full HD 1920x1080,Intel Core i7 7500U 2.7GHz,8GB,256GB SSD,AMD Radeon 530,Windows 10,1.91kg,38308.32
101,HP,Notebook,15.6,Full HD 1920x1080,AMD E-Series E2-9000e 1.5GHz,4GB,500GB HDD,AMD Radeon R2,Windows 10,2.1kg,18594.72
102,Dell,Notebook,15.6,Full HD 1920x1080,Intel Core i5 8250U 1.6GHz,8GB,1TB HDD,AMD Radeon 520,Linux,2.2kg,34472.16
103,HP,Ultrabook,13.3,IPS Panel Full HD 1920x1080,Intel Core i7 7500U 2.7GHz,8GB,256GB SSD,Nvidia GeForce MX150,Windows 10,1.38kg,59620.32
104,Microsoft,Ultrabook,13.5,Touchscreen 2256x1504,Intel Core i5 7200U 2.5GHz,8GB,256GB SSD,Intel HD Graphics 620,Windows 10 S,1.252kg,71395.2
105,HP,Notebook,14,IPS Panel Full HD 1920x1080,Intel Core i5 7200U 2.5GHz,6GB,256GB SSD,Nvidia GeForce 940MX,Windows 10,1.58kg,35111.52
106,Lenovo,Notebook,15.6,Full HD 1920x1080,Intel Core i3 6006U 2GHz,4GB,1TB HDD,Intel HD Graphics 520,Windows 10,1.85kg,22105.872
107,Asus,Ultrabook,14,IPS Panel Full HD 1920x1080,Intel Core i7 7500U 2.7GHz,8GB,256GB SSD,Nvidia GeForce 940MX,Windows 10,1.3kg,63563.04
108,MSI,Gaming,15.6,Full HD 1920x1080,Intel Core i7 7700HQ 2.8GHz,16GB,256GB SSD +  1TB HDD,Nvidia GeForce GTX 1050 Ti,Windows 10,2.2kg,69210.72
109,Lenovo,Notebook,14,IPS Panel Full HD 1920x1080,Intel Core i7 7500U 2.7GHz,8GB,256GB SSD,Intel HD Graphics 620,Windows 10,1.58kg,78854.4
110,Asus,Ultrabook,15.6,Full HD 1920x1080,Intel Core i7 8550U 1.8GHz,16GB,256GB SSD +  1TB HDD,Nvidia GeForce MX150,Windows 10,1.5kg,67239.36
111,Dell,Ultrabook,13.3,Quad HD+ / Touchscreen 3200x1800,Intel Core i7 7560U 2.4GHz,8GB,256GB SSD,Intel Iris Plus Graphics 640,Windows 10,1.23kg,73473.12
112,Lenovo,2 in 1 Convertible,13.3,IPS Panel Full HD / Touchscreen 1920x1080,Intel Core i5 7200U 2.5GHz,8GB,256GB SSD,Intel HD Graphics 620,Windows 10,1.37kg,74538.72
113,HP,Notebook,14,IPS Panel 1366x768,Intel Core i5 8250U 1.6GHz,4GB,500GB HDD,Intel UHD Graphics 620,Windows 10,1.63kg,38468.16
114,Dell,Ultrabook,13.3,IPS Panel Full HD 1920x1080,Intel Core i5 8250U 1.6GHz,8GB,256GB SSD,Intel UHD Graphics 620,Windows 10,1.21kg,86793.12
,,,,,,,,,,,
116,HP,Notebook,14,Full HD 1920x1080,Intel Core i7 8550U 1.8GHz,8GB,512GB SSD,Intel UHD Graphics 620,Windows 10,1.63kg,57755.52
117,Dell,Notebook,15.6,IPS Panel Full HD 1920x1080,Intel Core i7 8550U 1.8GHz,8GB,256GB SSD +  1TB HDD,Nvidia GeForce 940MX,Windows 10,2.16kg,60223.9824
118,Asus,Notebook,17.3,Full HD 1920x1080,Intel Core i3 6006U 2GHz,4GB,1TB HDD,Nvidia GeForce 920MX,Windows 10,2kg,30049.92
119,Asus,Notebook,15.6,Full HD 1920x1080,Intel Core i7 8550U 1.8GHz,8GB,256GB SSD,Nvidia GeForce 940MX,Windows 10,1.7kg,59567.04
120,Acer,Notebook,15.6,IPS Panel Full HD / Touchscreen 1920x1080,Intel Core i3 7100U 2.4GHz,6GB,1TB HDD,Intel HD Graphics 620,Windows 10,2.1kg,25521.12
121,MSI,Gaming,15.6,Full HD 1920x1080,Intel Core i7 7700HQ 2.8GHz,16GB,256GB SSD +  2TB HDD,Nvidia GeForce GTX 1070,Windows 10,1.8kg,119427.12
122,Lenovo,Notebook,15.6,Full HD 1920x1080,Intel Core i5 7200U 2.5GHz,8GB,256GB SSD,Nvidia GeForce 940MX,No OS,2.2kg,33513.12
123,HP,Notebook,17.3,Full HD 1920x1080,Intel Core i7 8550U 1.8GHz,16GB,512GB SSD,Nvidia GeForce 930MX ,Windows 10,2.5kg,67718.88
124,Acer,Notebook,15.6,1366x768,AMD A9-Series 9420 3GHz,4GB,256GB SSD,AMD Radeon R5,Windows 10,2.1kg,24029.28
,,,,,,,,,,,
126,HP,Notebook,14,Full HD 1920x1080,Intel Core i5 8250U 1.6GHz,8GB,1TB HDD,Intel UHD Graphics 620,Windows 10,1.63kg,43263.36
127,Asus,Notebook,14,1366x768,AMD E-Series 6110 1.5GHz,4GB,64GB SSD,AMD Radeon R2,Windows 10 S,1.65kg,14811.3072
128,Dell,Notebook,17.3,Full HD 1920x1080,Intel Core i7 8550U 1.8GHz,16GB,256GB SSD +  2TB HDD,AMD Radeon 530,Windows 10,2.8kg,74378.88
129,HP,Notebook,17.3,Full HD 1920x1080,Intel Core i5 8250U 1.6GHz,8GB,256GB SSD,Intel UHD Graphics 620,Windows 10,2.5kg,49443.84
130,Dell,Notebook,15.6,1366x768,Intel Core i5 7200U 2.5GHz,8GB,1TB HDD,AMD Radeon R7 M445,Windows 10,2.36kg,34045.3872
131,Dell,Notebook,15.6,Full HD 1920x1080,Intel Core i3 6006U 2GHz,4GB,1TB HDD,AMD Radeon R5 M430,Windows 10,2.2kg,23922.72
132,Acer,Ultrabook,14,IPS Panel Full HD 1920x1080,Intel Core i7 8550U 1.8GHz,8GB,256GB SSD,Intel UHD Graphics 620,Windows 10,1.6kg,47099.52
133,Acer,Notebook,15.6,Full HD 1920x1080,Intel Core i3 7130U 2.7GHz,4GB,256GB SSD,Nvidia GeForce MX130,Windows 10,7.2kg,30476.16
134,HP,Notebook,15.6,1366x768,Intel Core i7 7500U 2.7GHz,8GB,1TB HDD,Intel HD Graphics 620,Windows 10,2.05kg,31861.44
135,HP,Notebook,14,Full HD 1920x1080,Intel Core i7 8550U 1.8GHz,8GB,256GB SSD,Intel UHD Graphics 620,Windows 10,1.63kg,52640.64
136,Lenovo,Notebook,15.6,1366x768,Intel Celeron Dual Core N3350 1.1GHz,4GB,1TB HDD,Intel HD Graphics 500,No OS,1.9kg,13445.7408
137,Asus,Gaming,17.3,Full HD 1920x1080,Intel Core i5 7300HQ 2.5GHz,8GB,128GB SSD +  1TB HDD,Nvidia GeForce GTX 1050,Windows 10,3kg,49976.64
138,Lenovo,Notebook,15.6,Full HD 1920x1080,Intel Core i5 7200U 2.5GHz,4GB,1TB HDD,Nvidia GeForce 920MX,No OS,2.2kg,26586.72
139,HP,Notebook,13.3,IPS Panel Full HD 1920x1080,Intel Core i5 7200U 2.5GHz,4GB,256GB SSD,Intel HD Graphics 620,Windows 10,1.32kg,37242.72
140,Acer,Notebook,17.3,IPS Panel Full HD 1920x1080,Intel Core i3 7130U 2.7GHz,4GB,1TB HDD,Nvidia GeForce MX130,Windows 10,3kg,34898.4
141,Lenovo,Notebook,14,IPS Panel Full HD 1920x1080,Intel Core i5 8250U 1.6GHz,8GB,256GB SSD,AMD Radeon RX 550,Windows 10,1.75kg,59461.5456
142,Lenovo,Gaming,15.6,IPS Panel Full HD 1920x1080,Intel Core i7 7700HQ 2.8GHz,8GB,256GB SSD,Nvidia GeForce GTX 1050M,No OS,2.4kg,46300.32
143,Toshiba,Notebook,15.6,1366x768,Intel Core i5 6200U 2.3GHz,4GB,500GB HDD,Intel HD Graphics 520,Windows 10,2.1kg,32074.56
144,HP,Notebook,15.6,1366x768,AMD A6-Series 9220 2.5GHz,4GB,256GB SSD,AMD Radeon R4 Graphics,Windows 10,1.86kg,19660.32
145,Asus,Ultrabook,14,Full HD 1920x1080,Intel Core i7 8550U 1.8GHz,8GB,256GB SSD,Intel UHD Graphics 620,Windows 10,1.25kg,58554.72
146,HP,Ultrabook,12.5,IPS Panel 4K Ultra HD / Touchscreen 3840x2160,Intel Core M 6Y75 1.2GHz,8GB,512GB SSD,Intel HD Graphics 515,Windows 10,0.97kg,107305.92
147,Asus,Notebook,15.6,Full HD 1920x1080,Intel Celeron Dual Core N3350 1.1GHz,4GB,1TB HDD,Intel HD Graphics 500,Windows 10,2kg,18328.32
,,,,,,,,,,,
149,Acer,Notebook,15.6,1366x768,Intel Core i3 6006U 2GHz,4GB,1TB HDD,Intel HD Graphics 520,Windows 10,2.1kg,23816.16
150,Dell,Gaming,15.6,Full HD 1920x1080,Intel Core i7 7700HQ 2.8GHz,16GB,512GB SSD,Nvidia GeForce GTX 1050,Windows 10,2.56kg,66560.5728
151,Dell,Gaming,15.6,Full HD 1920x1080,Intel Core i7 7700HQ 2.8GHz,8GB,1.0TB Hybrid,Nvidia GeForce GTX 1050,Windows 10,2.62kg,47898.72
152,Lenovo,Notebook,15.6,1366x768,Intel Core i5 7200U 2.5GHz,4GB,128GB SSD,Intel HD Graphics 620,Windows 10,1.9kg,26533.44
153,MSI,Gaming,17.3,Full HD 1920x1080,Intel Core i7 7700HQ 2.8GHz,16GB,256GB SSD +  1TB HDD,Nvidia GeForce GTX 1060,Windows 10,2.8kg,100699.2
154,HP,Ultrabook,14,Full HD 1920x1080,Intel Core i5 7500U 2.7GHz,4GB,256GB SSD,Intel HD Graphics 620,Windows 10,1.48kg,57648.96
155,HP,Notebook,15.6,Full HD 1920x1080,Intel Core i5 8250U 1.6GHz,6GB,256GB SSD,AMD Radeon 520,Windows 10,1.91kg,32980.32
156,Lenovo,2 in 1 Convertible,14,IPS Panel Full HD / Touchscreen 1920x1080,Intel Core i3 7100U 2.4GHz,4GB,256GB SSD,Intel HD Graphics 620,Windows 10,1.74kg,33513.12
157,Asus,2 in 1 Convertible,13.3,Full HD / Touchscreen 1920x1080,Intel Core i5 8250U 1.6GHz,8GB,256GB SSD,Intel HD Graphics 620,Windows 10,1.1kg,70063.2
158,Dell,2 in 1 Convertible,15.6,Full HD / Touchscreen 1920x1080,Intel Core i7 8550U 1.8GHz,8GB,256GB SSD,Intel UHD Graphics 620,Windows 10,1.56kg,55890.72
159,Toshiba,Notebook,15.6,1366x768,Intel Core i3 6006U 2.2GHz,4GB,500GB HDD,Intel HD Graphics 520,Windows 10,2.1kg,23816.16
160,Asus,Notebook,15.6,1366x768,AMD A9-Series 9420 3GHz,4GB,1TB HDD,AMD Radeon R5 M420,Windows 10,2.03kg,21471.84
161,Acer,Notebook,17.3,IPS Panel Full HD 1920x1080,Intel Core i5 8250U 1.6GHz,4GB,256GB SSD,Nvidia GeForce MX150,Windows 10,3kg,42890.4
162,Dell,Notebook,15.6,Full HD 1920x1080,Intel Core i5 8250U 1.6GHz,8GB,256GB SSD,AMD Radeon 520,Windows 10,2.13kg,38787.84
163,Lenovo,Gaming,15.6,IPS Panel Full HD 1920x1080,Intel Core i7 7700HQ 2.8GHz,16GB,256GB SSD,Nvidia GeForce GTX 1050 Ti,Windows 10,2.5kg,57489.12
164,Acer,Notebook,15.6,1366x768,Intel Celeron Dual Core N3350 1.1GHz,4GB,1TB HDD,Intel HD Graphics 500,Windows 10,2.1kg,18541.44
165,MSI,Gaming,15.6,IPS Panel Full HD 1920x1080,Intel Core i7 7700HQ 2.8GHz,16GB,256GB SSD +  1TB HDD,Nvidia GeForce GTX 1060,Windows 10,2.4kg,95850.72
166,Acer,Notebook,15.6,1366x768,Intel Pentium Quad Core N4200 1.1GHz,4GB,1TB HDD,Intel HD Graphics 505,Windows 10,2.1kg,19367.8128
167,Dell,Gaming,15.6,Full HD 1920x1080,Intel Core i7 7700HQ 2.8GHz,8GB,128GB SSD +  1TB HDD,Nvidia GeForce GTX 1050,Windows 10,2.56kg,56502.9072
168,Acer,Notebook,17.3,IPS Panel Full HD 1920x1080,Intel Core i5 8250U 1.6GHz,8GB,256GB SSD,Nvidia GeForce MX150,Windows 10,3kg,45501.12
169,HP,Notebook,13.3,IPS Panel Full HD 1920x1080,Intel Core i5 8250U 1.6GHz,4GB,500GB HDD,Intel UHD Graphics 620,Windows 10,1.49kg,40173.12
170,Huawei,Ultrabook,13,IPS Panel Full HD 2160x1440,Intel Core i5 7200U 2.5GHz,8GB,256GB SSD,Intel HD Graphics 620,Windows 10,1.05kg,71874.72
171,HP,Notebook,17.3,IPS Panel Full HD 1920x1080,Intel Core i5 7200U 2.5GHz,6GB,2TB HDD,AMD Radeon 520,Windows 10,2.71kg,37242.72
172,Lenovo,Notebook,15.6,1366x768,AMD A6-Series 9220 2.9GHz,4GB,500GB HDD,AMD Radeon R4 Graphics,No OS,2.2kg,16463.52
173,Toshiba,Notebook,15.6,1366x768,Intel Core i3 7100U 2.4GHz,4GB,500GB HDD,Intel HD Graphics 620,Windows 10,5.4kg,26053.92
174,HP,Notebook,17.3,Full HD 1920x1080,Intel Core i5 8250U 1.6GHz,8GB,256GB SSD,Nvidia GeForce 930MX,Windows 10,2.5kg,49177.44
175,Dell,Notebook,15.6,1366x768,Intel Core i3 7100U 2.4GHz,8GB,1TB HDD,Intel HD Graphics 620,Windows 10,2.3kg,24455.52
176,Acer,Notebook,15.6,1366x768,Intel Core i3 6006U 2GHz,4GB,128GB SSD,Intel HD Graphics 520,Windows 10,2.1kg,23922.72
177,MSI,Gaming,18.4,Full HD 1920x1080,Intel Core i7 6920HQ 2.9GHz,32GB,512GB SSD +  1TB HDD,Nvidia GTX 980 SLI,Windows 10,4.4kg,149130.72
178,Lenovo,Notebook,15.6,Full HD 1920x1080,Intel Core i5 7200U 2.5GHz,8GB,128GB SSD +  1TB HDD,AMD R17M-M1-70,Windows 10,1.90kg,43316.64
179,HP,2 in 1 Convertible,13.3,IPS Panel 4K Ultra HD / Touchscreen 3840x2160,Intel Core i5 8250U 1.6GHz,8GB,256GB SSD,Intel UHD Graphics 620,Windows 10,1.29kg,79866.72
180,Dell,Notebook,15.6,Full HD 1920x1080,Intel Core i7 8550U 1.8GHz,16GB,256GB SSD +  2TB HDD,AMD Radeon 530,Linux,2.02kg,55890.72
181,Dell,Ultrabook,13.3,Full HD 1920x1080,Intel Core i5 8250U 1.6GHz,8GB,256GB SSD,Intel UHD Graphics 620,Windows 10,1.23kg,74538.72
182,Lenovo,2 in 1 Convertible,13.9,IPS Panel 4K Ultra HD / Touchscreen 3840x2160,Intel Core i7 8550U 1.8GHz,16GB,512GB SSD,Intel UHD Graphics 620,Windows 10,1.4kg,98514.72
183,Toshiba,Notebook,15.6,1366x768,Intel Core i5 7200U 2.5GHz,8GB,128GB SSD,Intel HD Graphics 620,Windows 10,2.0kg,42251.04
184,Xiaomi,Notebook,15.6,IPS Panel Full HD 1920x1080,Intel Core i5 8250U 1.6GHz,8GB,256GB SSD,Nvidia GeForce MX150,No OS,1.95kg,63882.72
185,Dell,Notebook,17.3,Full HD / Touchscreen 1920x1080,Intel Core i7 8550U 1.8GHz,16GB,512GB SSD,Nvidia GeForce 150MX,Windows 10,2.77kg,82530.72
186,Dell,Notebook,15.6,4K Ultra HD / Touchscreen 3840x2160,Intel Core i7 7700HQ 2.8GHz,16GB,512GB SSD,Nvidia GeForce GTX 1050,Windows 10,2.06kg,127712.16
187,Lenovo,Gaming,15.6,IPS Panel Full HD 1920x1080,Intel Core i5 7300HQ 2.5GHz,8GB,256GB SSD,Nvidia GeForce GTX 1050,No OS,2.4kg,41505.12
188,Acer,Ultrabook,13.3,IPS Panel Full HD 1920x1080,Intel Core i5 7Y54 1.2GHz,8GB,256GB SSD,Intel HD Graphics 615,Windows 10,1.12kg,52693.92
189,Dell,Notebook,17.3,Full HD 1920x1080,Intel Core i7 8550U 1.8GHz,8GB,128GB SSD +  1TB HDD,AMD Radeon 530,Windows 10,2.8kg,57808.8
,,,,,,,,,,,
191,Vero,Notebook,14,IPS Panel Full HD 1920x1080,Intel Celeron Dual Core N3350 1.1GHz,4GB,32GB Flash Storage,Intel HD Graphics 500,Windows 10,1.3kg,13852.8
192,Xiaomi,Ultrabook,13.3,IPS Panel Full HD 1920x1080,Intel Core i5 7200U 2.5GHz,8GB,256GB SSD,Nvidia GeForce MX150,No OS,1.3kg,53274.672
193,Lenovo,Notebook,17.3,1600x900,Intel Core i5 8250U 1.6GHz,8GB,256GB SSD,Nvidia GeForce MX150,No OS,2.8kg,37189.44
194,Dell,2 in 1 Convertible,13.3,IPS Panel Full HD / Touchscreen 1920x1080,Intel Core i7 8550U 1.8GHz,8GB,1TB HDD,Intel UHD Graphics 620,Windows 10,1.62kg,44701.92
195,HP,Notebook,17.3,IPS Panel Full HD 1920x1080,Intel Core i5 8250U 1.6GHz,8GB,1TB HDD,Nvidia GeForce 930MX,Windows 10,2.5kg,48697.92
196,Razer,Gaming,17.3,4K Ultra HD / Touchscreen 3840x2160,Intel Core i7 7820HK 2.9GHz,32GB,1TB SSD,Nvidia GeForce GTX 1080,Windows 10,3.49kg,324954.72
197,HP,Notebook,13.3,Full HD 1920x1080,Intel Core i5 8250U 1.6GHz,8GB,512GB SSD,Intel UHD Graphics 620,Windows 10,1.49kg,51095.52
198,HP,Gaming,17.3,IPS Panel Full HD 1920x1080,Intel Core i7 7700HQ 2.8GHz,16GB,256GB SSD +  1TB HDD,Nvidia GeForce GTX 1050,Windows 10,3.35kg,73473.12
199,HP,Notebook,17.3,Full HD 1920x1080,Intel Core i7 8550U 1.8GHz,8GB,256GB SSD,Nvidia GeForce 930MX ,Windows 10,2.5kg,55677.6
200,Dell,Gaming,15.6,IPS Panel 4K Ultra HD 3840x2160,Intel Core i7 7700HQ 2.8GHz,16GB,512GB SSD +  1TB HDD,Nvidia GeForce GTX 1060,Windows 10,2.65kg,98301.6
201,Lenovo,Notebook,15.6,1366x768,Intel Core i5 6200U 2.3GHz,4GB,128GB SSD,Intel HD Graphics 520,Windows 10,2.1kg,26267.04
202,Acer,Notebook,15.6,Full HD 1920x1080,Intel Core i7 7500U 2.7GHz,8GB,1TB HDD,Nvidia GeForce 940MX,Windows 10,2.23kg,39533.76
203,Lenovo,Gaming,15.6,IPS Panel Full HD 1920x1080,Intel Core i7 7700HQ 2.8GHz,16GB,512GB SSD +  1TB HDD,Nvidia GeForce GTX 1060,Windows 10,3.2kg,93186.72
204,Dell,Workstation,15.6,4K Ultra HD 3840x2160,Intel Xeon E3-1505M V6 3GHz,16GB,256GB SSD +  1TB HDD,Nvidia Quadro M1200,Windows 10,2.8kg,162770.4
205,Lenovo,Gaming,15.6,Full HD 1920x1080,Intel Core i7 7700HQ 2.8GHz,16GB,512GB SSD,Nvidia GeForce GTX 1060,No OS,2.4kg,74485.44
206,Dell,Notebook,15.6,Touchscreen 1366x768,Intel Core i3 7100U 2.4GHz,6GB,1TB HDD,Intel HD Graphics 620,Windows 10,2.3kg,23389.92
207,Dell,Ultrabook,13.3,IPS Panel 4K Ultra HD / Touchscreen 3840x2160,Intel Core i7 8550U 1.8GHz,8GB,256GB SSD,Intel UHD Graphics 620,Windows 10,1.21kg,103842.72
208,Dell,Ultrabook,13.3,Full HD 1920x1080,Intel Core i7 8550U 1.8GHz,8GB,256GB SSD,Intel UHD Graphics 620,Windows 10,?,77202.72
,,,,,,,,,,,
210,Acer,Notebook,15.6,Full HD 1920x1080,Intel Core i7 7700HQ 2.8GHz,8GB,1TB HDD,Nvidia GeForce GTX 1050,Linux,2.4kg,41505.12
211,Asus,Gaming,17.3,Full HD 1920x1080,Intel Core i7 7700HQ 2.8GHz,16GB,256GB SSD +  1TB HDD,Nvidia GeForce GTX 1050,Windows 10,2.9kg,74964.96
